ExchangeInstrumentID,ExchangeSegment,DisplayName,Name
35005,1,1,NIFTY
35006,1,1,NIFTY
35004,1,1,MIDCPNIFTY
35007,1,1,MIDCPNIFTY
35426,1,1,FINNIFTY
35239,1,1,FINNIFTY
35025,1,1,BANKNIFTY
35012,1,1,BANKNIFTY
50812,2,NIFTY 26DEC2024 CE 32000,NIFTY
64594,2,NIFTY 27MAR2025 CE 32000,NIFTY
50854,2,NIFTY 26JUN2025 CE 32000,NIFTY
64708,2,NIFTY 25SEP2025 CE 32000,NIFTY
50853,2,NIFTY 26DEC2024 PE 32000,NIFTY
64595,2,NIFTY 27MAR2025 PE 32000,NIFTY
50855,2,NIFTY 26JUN2025 PE 32000,NIFTY
64709,2,NIFTY 25SEP2025 PE 32000,NIFTY
47176,2,NIFTY 26DEC2024 CE 33000,NIFTY
47178,2,NIFTY 27MAR2025 CE 33000,NIFTY
47181,2,NIFTY 26JUN2025 CE 33000,NIFTY
64710,2,NIFTY 25SEP2025 CE 33000,NIFTY
47177,2,NIFTY 26DEC2024 PE 33000,NIFTY
47179,2,NIFTY 27MAR2025 PE 33000,NIFTY
47182,2,NIFTY 26JUN2025 PE 33000,NIFTY
64711,2,NIFTY 25SEP2025 PE 33000,NIFTY
45755,2,NIFTY 26DEC2024 CE 37000,NIFTY
45790,2,NIFTY 27MAR2025 CE 37000,NIFTY
45831,2,NIFTY 26JUN2025 CE 37000,NIFTY
64763,2,NIFTY 25SEP2025 CE 37000,NIFTY
45759,2,NIFTY 26DEC2024 PE 37000,NIFTY
45791,2,NIFTY 27MAR2025 PE 37000,NIFTY
45835,2,NIFTY 26JUN2025 PE 37000,NIFTY
64764,2,NIFTY 25SEP2025 PE 37000,NIFTY
45750,2,NIFTY 26DEC2024 CE 36000,NIFTY
45783,2,NIFTY 27MAR2025 CE 36000,NIFTY
45829,2,NIFTY 26JUN2025 CE 36000,NIFTY
64755,2,NIFTY 25SEP2025 CE 36000,NIFTY
45754,2,NIFTY 26DEC2024 PE 36000,NIFTY
45789,2,NIFTY 27MAR2025 PE 36000,NIFTY
45830,2,NIFTY 26JUN2025 PE 36000,NIFTY
64756,2,NIFTY 25SEP2025 PE 36000,NIFTY
45744,2,NIFTY 26DEC2024 CE 34000,NIFTY
45774,2,NIFTY 27MAR2025 CE 34000,NIFTY
45806,2,NIFTY 26JUN2025 CE 34000,NIFTY
64737,2,NIFTY 25SEP2025 CE 34000,NIFTY
45745,2,NIFTY 26DEC2024 PE 34000,NIFTY
45776,2,NIFTY 27MAR2025 PE 34000,NIFTY
45809,2,NIFTY 26JUN2025 PE 34000,NIFTY
64738,2,NIFTY 25SEP2025 PE 34000,NIFTY
45746,2,NIFTY 26DEC2024 CE 35000,NIFTY
45777,2,NIFTY 27MAR2025 CE 35000,NIFTY
45810,2,NIFTY 26JUN2025 CE 35000,NIFTY
64739,2,NIFTY 25SEP2025 CE 35000,NIFTY
45747,2,NIFTY 26DEC2024 PE 35000,NIFTY
45779,2,NIFTY 27MAR2025 PE 35000,NIFTY
45828,2,NIFTY 26JUN2025 PE 35000,NIFTY
64754,2,NIFTY 25SEP2025 PE 35000,NIFTY
46992,2,BANKNIFTY 24DEC2024 CE 57600,BANKNIFTY
40009,2,BANKNIFTY 29JAN2025 CE 57600,BANKNIFTY
46994,2,BANKNIFTY 24DEC2024 PE 57600,BANKNIFTY
40010,2,BANKNIFTY 29JAN2025 PE 57600,BANKNIFTY
46813,2,BANKNIFTY 24DEC2024 CE 54400,BANKNIFTY
39659,2,BANKNIFTY 29JAN2025 CE 54400,BANKNIFTY
46814,2,BANKNIFTY 24DEC2024 PE 54400,BANKNIFTY
39660,2,BANKNIFTY 29JAN2025 PE 54400,BANKNIFTY
46787,2,BANKNIFTY 24DEC2024 CE 53600,BANKNIFTY
39625,2,BANKNIFTY 29JAN2025 CE 53600,BANKNIFTY
46788,2,BANKNIFTY 24DEC2024 PE 53600,BANKNIFTY
39626,2,BANKNIFTY 29JAN2025 PE 53600,BANKNIFTY
46774,2,BANKNIFTY 24DEC2024 CE 53300,BANKNIFTY
39615,2,BANKNIFTY 29JAN2025 CE 53300,BANKNIFTY
46775,2,BANKNIFTY 24DEC2024 PE 53300,BANKNIFTY
39616,2,BANKNIFTY 29JAN2025 PE 53300,BANKNIFTY
46795,2,BANKNIFTY 24DEC2024 CE 53900,BANKNIFTY
39634,2,BANKNIFTY 29JAN2025 CE 53900,BANKNIFTY
46796,2,BANKNIFTY 24DEC2024 PE 53900,BANKNIFTY
39639,2,BANKNIFTY 29JAN2025 PE 53900,BANKNIFTY
46748,2,BANKNIFTY 24DEC2024 CE 52600,BANKNIFTY
39573,2,BANKNIFTY 29JAN2025 CE 52600,BANKNIFTY
46749,2,BANKNIFTY 24DEC2024 PE 52600,BANKNIFTY
39574,2,BANKNIFTY 29JAN2025 PE 52600,BANKNIFTY
46953,2,BANKNIFTY 24DEC2024 CE 56800,BANKNIFTY
39765,2,BANKNIFTY 29JAN2025 CE 56800,BANKNIFTY
46958,2,BANKNIFTY 24DEC2024 PE 56800,BANKNIFTY
39766,2,BANKNIFTY 29JAN2025 PE 56800,BANKNIFTY
46791,2,BANKNIFTY 24DEC2024 CE 53800,BANKNIFTY
39629,2,BANKNIFTY 29JAN2025 CE 53800,BANKNIFTY
46794,2,BANKNIFTY 24DEC2024 PE 53800,BANKNIFTY
39633,2,BANKNIFTY 29JAN2025 PE 53800,BANKNIFTY
67069,2,BANKNIFTY 24DEC2024 CE 51000,BANKNIFTY
39532,2,BANKNIFTY 29JAN2025 CE 51000,BANKNIFTY
67070,2,BANKNIFTY 24DEC2024 PE 51000,BANKNIFTY
39533,2,BANKNIFTY 29JAN2025 PE 51000,BANKNIFTY
43557,2,BANKNIFTY 24DEC2024 CE 50400,BANKNIFTY
39520,2,BANKNIFTY 29JAN2025 CE 50400,BANKNIFTY
43558,2,BANKNIFTY 24DEC2024 PE 50400,BANKNIFTY
39521,2,BANKNIFTY 29JAN2025 PE 50400,BANKNIFTY
67077,2,BANKNIFTY 24DEC2024 CE 57000,BANKNIFTY
39770,2,BANKNIFTY 29JAN2025 CE 57000,BANKNIFTY
67078,2,BANKNIFTY 24DEC2024 PE 57000,BANKNIFTY
39771,2,BANKNIFTY 29JAN2025 PE 57000,BANKNIFTY
43577,2,BANKNIFTY 24DEC2024 CE 50800,BANKNIFTY
39528,2,BANKNIFTY 29JAN2025 CE 50800,BANKNIFTY
43579,2,BANKNIFTY 24DEC2024 PE 50800,BANKNIFTY
39529,2,BANKNIFTY 29JAN2025 PE 50800,BANKNIFTY
46759,2,BANKNIFTY 24DEC2024 CE 52900,BANKNIFTY
39583,2,BANKNIFTY 29JAN2025 CE 52900,BANKNIFTY
46760,2,BANKNIFTY 24DEC2024 PE 52900,BANKNIFTY
39584,2,BANKNIFTY 29JAN2025 PE 52900,BANKNIFTY
46977,2,BANKNIFTY 24DEC2024 CE 57200,BANKNIFTY
39774,2,BANKNIFTY 29JAN2025 CE 57200,BANKNIFTY
46984,2,BANKNIFTY 24DEC2024 PE 57200,BANKNIFTY
39775,2,BANKNIFTY 29JAN2025 PE 57200,BANKNIFTY
46849,2,BANKNIFTY 24DEC2024 CE 55200,BANKNIFTY
39721,2,BANKNIFTY 29JAN2025 CE 55200,BANKNIFTY
46854,2,BANKNIFTY 24DEC2024 PE 55200,BANKNIFTY
39725,2,BANKNIFTY 29JAN2025 PE 55200,BANKNIFTY
43519,2,BANKNIFTY 24DEC2024 CE 50200,BANKNIFTY
39516,2,BANKNIFTY 29JAN2025 CE 50200,BANKNIFTY
43520,2,BANKNIFTY 24DEC2024 PE 50200,BANKNIFTY
39517,2,BANKNIFTY 29JAN2025 PE 50200,BANKNIFTY
46927,2,BANKNIFTY 24DEC2024 CE 56500,BANKNIFTY
39759,2,BANKNIFTY 29JAN2025 CE 56500,BANKNIFTY
46928,2,BANKNIFTY 24DEC2024 PE 56500,BANKNIFTY
39760,2,BANKNIFTY 29JAN2025 PE 56500,BANKNIFTY
46824,2,BANKNIFTY 24DEC2024 CE 54700,BANKNIFTY
39682,2,BANKNIFTY 29JAN2025 CE 54700,BANKNIFTY
46825,2,BANKNIFTY 24DEC2024 PE 54700,BANKNIFTY
39684,2,BANKNIFTY 29JAN2025 PE 54700,BANKNIFTY
46789,2,BANKNIFTY 24DEC2024 CE 53700,BANKNIFTY
39627,2,BANKNIFTY 29JAN2025 CE 53700,BANKNIFTY
46790,2,BANKNIFTY 24DEC2024 PE 53700,BANKNIFTY
39628,2,BANKNIFTY 29JAN2025 PE 53700,BANKNIFTY
46985,2,BANKNIFTY 24DEC2024 CE 57300,BANKNIFTY
39779,2,BANKNIFTY 29JAN2025 CE 57300,BANKNIFTY
46986,2,BANKNIFTY 24DEC2024 PE 57300,BANKNIFTY
39781,2,BANKNIFTY 29JAN2025 PE 57300,BANKNIFTY
43768,2,BANKNIFTY 24DEC2024 CE 51400,BANKNIFTY
39543,2,BANKNIFTY 29JAN2025 CE 51400,BANKNIFTY
43769,2,BANKNIFTY 24DEC2024 PE 51400,BANKNIFTY
39544,2,BANKNIFTY 29JAN2025 PE 51400,BANKNIFTY
46691,2,BANKNIFTY 24DEC2024 CE 52000,BANKNIFTY
39555,2,BANKNIFTY 29JAN2025 CE 52000,BANKNIFTY
46693,2,BANKNIFTY 24DEC2024 PE 52000,BANKNIFTY
39556,2,BANKNIFTY 29JAN2025 PE 52000,BANKNIFTY
46801,2,BANKNIFTY 24DEC2024 CE 54200,BANKNIFTY
39655,2,BANKNIFTY 29JAN2025 CE 54200,BANKNIFTY
46802,2,BANKNIFTY 24DEC2024 PE 54200,BANKNIFTY
39656,2,BANKNIFTY 29JAN2025 PE 54200,BANKNIFTY
43599,2,BANKNIFTY 24DEC2024 CE 51200,BANKNIFTY
39536,2,BANKNIFTY 29JAN2025 CE 51200,BANKNIFTY
43600,2,BANKNIFTY 24DEC2024 PE 51200,BANKNIFTY
39537,2,BANKNIFTY 29JAN2025 PE 51200,BANKNIFTY
46737,2,BANKNIFTY 24DEC2024 CE 52400,BANKNIFTY
39567,2,BANKNIFTY 29JAN2025 CE 52400,BANKNIFTY
46747,2,BANKNIFTY 24DEC2024 PE 52400,BANKNIFTY
39568,2,BANKNIFTY 29JAN2025 PE 52400,BANKNIFTY
46920,2,BANKNIFTY 24DEC2024 CE 56400,BANKNIFTY
39757,2,BANKNIFTY 29JAN2025 CE 56400,BANKNIFTY
46926,2,BANKNIFTY 24DEC2024 PE 56400,BANKNIFTY
39758,2,BANKNIFTY 29JAN2025 PE 56400,BANKNIFTY
46530,2,BANKNIFTY 24DEC2024 CE 51700,BANKNIFTY
39549,2,BANKNIFTY 29JAN2025 CE 51700,BANKNIFTY
46540,2,BANKNIFTY 24DEC2024 PE 51700,BANKNIFTY
39550,2,BANKNIFTY 29JAN2025 PE 51700,BANKNIFTY
46893,2,BANKNIFTY 24DEC2024 CE 56100,BANKNIFTY
39747,2,BANKNIFTY 29JAN2025 CE 56100,BANKNIFTY
46900,2,BANKNIFTY 24DEC2024 PE 56100,BANKNIFTY
39748,2,BANKNIFTY 29JAN2025 PE 56100,BANKNIFTY
46830,2,BANKNIFTY 24DEC2024 CE 55000,BANKNIFTY
39715,2,BANKNIFTY 29JAN2025 CE 55000,BANKNIFTY
46831,2,BANKNIFTY 24DEC2024 PE 55000,BANKNIFTY
39716,2,BANKNIFTY 29JAN2025 PE 55000,BANKNIFTY
43588,2,BANKNIFTY 24DEC2024 CE 50900,BANKNIFTY
39530,2,BANKNIFTY 29JAN2025 CE 50900,BANKNIFTY
43591,2,BANKNIFTY 24DEC2024 PE 50900,BANKNIFTY
39531,2,BANKNIFTY 29JAN2025 PE 50900,BANKNIFTY
46735,2,BANKNIFTY 24DEC2024 CE 52300,BANKNIFTY
39561,2,BANKNIFTY 29JAN2025 CE 52300,BANKNIFTY
46736,2,BANKNIFTY 24DEC2024 PE 52300,BANKNIFTY
39562,2,BANKNIFTY 29JAN2025 PE 52300,BANKNIFTY
46826,2,BANKNIFTY 24DEC2024 CE 54800,BANKNIFTY
39704,2,BANKNIFTY 29JAN2025 CE 54800,BANKNIFTY
46827,2,BANKNIFTY 24DEC2024 PE 54800,BANKNIFTY
39705,2,BANKNIFTY 29JAN2025 PE 54800,BANKNIFTY
46943,2,BANKNIFTY 24DEC2024 CE 56700,BANKNIFTY
39763,2,BANKNIFTY 29JAN2025 CE 56700,BANKNIFTY
46951,2,BANKNIFTY 24DEC2024 PE 56700,BANKNIFTY
39764,2,BANKNIFTY 29JAN2025 PE 56700,BANKNIFTY
46901,2,BANKNIFTY 24DEC2024 CE 56200,BANKNIFTY
39749,2,BANKNIFTY 29JAN2025 CE 56200,BANKNIFTY
46908,2,BANKNIFTY 24DEC2024 PE 56200,BANKNIFTY
39750,2,BANKNIFTY 29JAN2025 PE 56200,BANKNIFTY
46776,2,BANKNIFTY 24DEC2024 CE 53400,BANKNIFTY
39621,2,BANKNIFTY 29JAN2025 CE 53400,BANKNIFTY
46777,2,BANKNIFTY 24DEC2024 PE 53400,BANKNIFTY
39622,2,BANKNIFTY 29JAN2025 PE 53400,BANKNIFTY
46929,2,BANKNIFTY 24DEC2024 CE 56600,BANKNIFTY
39761,2,BANKNIFTY 29JAN2025 CE 56600,BANKNIFTY
46942,2,BANKNIFTY 24DEC2024 PE 56600,BANKNIFTY
39762,2,BANKNIFTY 29JAN2025 PE 56600,BANKNIFTY
46998,2,BANKNIFTY 24DEC2024 CE 57800,BANKNIFTY
40046,2,BANKNIFTY 29JAN2025 CE 57800,BANKNIFTY
47014,2,BANKNIFTY 24DEC2024 PE 57800,BANKNIFTY
40047,2,BANKNIFTY 29JAN2025 PE 57800,BANKNIFTY
46778,2,BANKNIFTY 24DEC2024 CE 53500,BANKNIFTY
39623,2,BANKNIFTY 29JAN2025 CE 53500,BANKNIFTY
46786,2,BANKNIFTY 24DEC2024 PE 53500,BANKNIFTY
39624,2,BANKNIFTY 29JAN2025 PE 53500,BANKNIFTY
46752,2,BANKNIFTY 24DEC2024 CE 52800,BANKNIFTY
39577,2,BANKNIFTY 29JAN2025 CE 52800,BANKNIFTY
46753,2,BANKNIFTY 24DEC2024 PE 52800,BANKNIFTY
39578,2,BANKNIFTY 29JAN2025 PE 52800,BANKNIFTY
46771,2,BANKNIFTY 24DEC2024 CE 53200,BANKNIFTY
39609,2,BANKNIFTY 29JAN2025 CE 53200,BANKNIFTY
46772,2,BANKNIFTY 24DEC2024 PE 53200,BANKNIFTY
39610,2,BANKNIFTY 29JAN2025 PE 53200,BANKNIFTY
46869,2,BANKNIFTY 24DEC2024 CE 55600,BANKNIFTY
39732,2,BANKNIFTY 29JAN2025 CE 55600,BANKNIFTY
46874,2,BANKNIFTY 24DEC2024 PE 55600,BANKNIFTY
39733,2,BANKNIFTY 29JAN2025 PE 55600,BANKNIFTY
67071,2,BANKNIFTY 24DEC2024 CE 52500,BANKNIFTY
39569,2,BANKNIFTY 29JAN2025 CE 52500,BANKNIFTY
67072,2,BANKNIFTY 24DEC2024 PE 52500,BANKNIFTY
39570,2,BANKNIFTY 29JAN2025 PE 52500,BANKNIFTY
67067,2,BANKNIFTY 24DEC2024 CE 49500,BANKNIFTY
39498,2,BANKNIFTY 29JAN2025 CE 49500,BANKNIFTY
67068,2,BANKNIFTY 24DEC2024 PE 49500,BANKNIFTY
39499,2,BANKNIFTY 29JAN2025 PE 49500,BANKNIFTY
46696,2,BANKNIFTY 24DEC2024 CE 52200,BANKNIFTY
39559,2,BANKNIFTY 29JAN2025 CE 52200,BANKNIFTY
46730,2,BANKNIFTY 24DEC2024 PE 52200,BANKNIFTY
39560,2,BANKNIFTY 29JAN2025 PE 52200,BANKNIFTY
46909,2,BANKNIFTY 24DEC2024 CE 56300,BANKNIFTY
39755,2,BANKNIFTY 29JAN2025 CE 56300,BANKNIFTY
46918,2,BANKNIFTY 24DEC2024 PE 56300,BANKNIFTY
39756,2,BANKNIFTY 29JAN2025 PE 56300,BANKNIFTY
46987,2,BANKNIFTY 24DEC2024 CE 57400,BANKNIFTY
39927,2,BANKNIFTY 29JAN2025 CE 57400,BANKNIFTY
46988,2,BANKNIFTY 24DEC2024 PE 57400,BANKNIFTY
39928,2,BANKNIFTY 29JAN2025 PE 57400,BANKNIFTY
46761,2,BANKNIFTY 24DEC2024 CE 53000,BANKNIFTY
39595,2,BANKNIFTY 29JAN2025 CE 53000,BANKNIFTY
46762,2,BANKNIFTY 24DEC2024 PE 53000,BANKNIFTY
39596,2,BANKNIFTY 29JAN2025 PE 53000,BANKNIFTY
46818,2,BANKNIFTY 24DEC2024 CE 54600,BANKNIFTY
39664,2,BANKNIFTY 29JAN2025 CE 54600,BANKNIFTY
46822,2,BANKNIFTY 24DEC2024 PE 54600,BANKNIFTY
39679,2,BANKNIFTY 29JAN2025 PE 54600,BANKNIFTY
43561,2,BANKNIFTY 24DEC2024 CE 50500,BANKNIFTY
39522,2,BANKNIFTY 29JAN2025 CE 50500,BANKNIFTY
43563,2,BANKNIFTY 24DEC2024 PE 50500,BANKNIFTY
39523,2,BANKNIFTY 29JAN2025 PE 50500,BANKNIFTY
43609,2,BANKNIFTY 24DEC2024 CE 51300,BANKNIFTY
39541,2,BANKNIFTY 29JAN2025 CE 51300,BANKNIFTY
43765,2,BANKNIFTY 24DEC2024 PE 51300,BANKNIFTY
39542,2,BANKNIFTY 29JAN2025 PE 51300,BANKNIFTY
43462,2,BANKNIFTY 24DEC2024 CE 49700,BANKNIFTY
39503,2,BANKNIFTY 29JAN2025 CE 49700,BANKNIFTY
43463,2,BANKNIFTY 24DEC2024 PE 49700,BANKNIFTY
39504,2,BANKNIFTY 29JAN2025 PE 49700,BANKNIFTY
43516,2,BANKNIFTY 24DEC2024 CE 50100,BANKNIFTY
39513,2,BANKNIFTY 29JAN2025 CE 50100,BANKNIFTY
43517,2,BANKNIFTY 24DEC2024 PE 50100,BANKNIFTY
39515,2,BANKNIFTY 29JAN2025 PE 50100,BANKNIFTY
46880,2,BANKNIFTY 24DEC2024 CE 55800,BANKNIFTY
39736,2,BANKNIFTY 29JAN2025 CE 55800,BANKNIFTY
46883,2,BANKNIFTY 24DEC2024 PE 55800,BANKNIFTY
39739,2,BANKNIFTY 29JAN2025 PE 55800,BANKNIFTY
46855,2,BANKNIFTY 24DEC2024 CE 55300,BANKNIFTY
39726,2,BANKNIFTY 29JAN2025 CE 55300,BANKNIFTY
46866,2,BANKNIFTY 24DEC2024 PE 55300,BANKNIFTY
39727,2,BANKNIFTY 29JAN2025 PE 55300,BANKNIFTY
46678,2,BANKNIFTY 24DEC2024 CE 51900,BANKNIFTY
39553,2,BANKNIFTY 29JAN2025 CE 51900,BANKNIFTY
46690,2,BANKNIFTY 24DEC2024 PE 51900,BANKNIFTY
39554,2,BANKNIFTY 29JAN2025 PE 51900,BANKNIFTY
46996,2,BANKNIFTY 24DEC2024 CE 57700,BANKNIFTY
40015,2,BANKNIFTY 29JAN2025 CE 57700,BANKNIFTY
46997,2,BANKNIFTY 24DEC2024 PE 57700,BANKNIFTY
40016,2,BANKNIFTY 29JAN2025 PE 57700,BANKNIFTY
46989,2,BANKNIFTY 24DEC2024 CE 57500,BANKNIFTY
39932,2,BANKNIFTY 29JAN2025 CE 57500,BANKNIFTY
46991,2,BANKNIFTY 24DEC2024 PE 57500,BANKNIFTY
39939,2,BANKNIFTY 29JAN2025 PE 57500,BANKNIFTY
43508,2,BANKNIFTY 24DEC2024 CE 50000,BANKNIFTY
39510,2,BANKNIFTY 29JAN2025 CE 50000,BANKNIFTY
43515,2,BANKNIFTY 24DEC2024 PE 50000,BANKNIFTY
39511,2,BANKNIFTY 29JAN2025 PE 50000,BANKNIFTY
46541,2,BANKNIFTY 24DEC2024 CE 51800,BANKNIFTY
39551,2,BANKNIFTY 29JAN2025 CE 51800,BANKNIFTY
46676,2,BANKNIFTY 24DEC2024 PE 51800,BANKNIFTY
39552,2,BANKNIFTY 29JAN2025 PE 51800,BANKNIFTY
43592,2,BANKNIFTY 24DEC2024 CE 51100,BANKNIFTY
39534,2,BANKNIFTY 29JAN2025 CE 51100,BANKNIFTY
43597,2,BANKNIFTY 24DEC2024 PE 51100,BANKNIFTY
39535,2,BANKNIFTY 29JAN2025 PE 51100,BANKNIFTY
46959,2,BANKNIFTY 24DEC2024 CE 56900,BANKNIFTY
39768,2,BANKNIFTY 29JAN2025 CE 56900,BANKNIFTY
46974,2,BANKNIFTY 24DEC2024 PE 56900,BANKNIFTY
39769,2,BANKNIFTY 29JAN2025 PE 56900,BANKNIFTY
46769,2,BANKNIFTY 24DEC2024 CE 53100,BANKNIFTY
39601,2,BANKNIFTY 29JAN2025 CE 53100,BANKNIFTY
46770,2,BANKNIFTY 24DEC2024 PE 53100,BANKNIFTY
39602,2,BANKNIFTY 29JAN2025 PE 53100,BANKNIFTY
43437,2,BANKNIFTY 24DEC2024 CE 49400,BANKNIFTY
39496,2,BANKNIFTY 29JAN2025 CE 49400,BANKNIFTY
43438,2,BANKNIFTY 24DEC2024 PE 49400,BANKNIFTY
39497,2,BANKNIFTY 29JAN2025 PE 49400,BANKNIFTY
43567,2,BANKNIFTY 24DEC2024 CE 50700,BANKNIFTY
39526,2,BANKNIFTY 29JAN2025 CE 50700,BANKNIFTY
43568,2,BANKNIFTY 24DEC2024 PE 50700,BANKNIFTY
39527,2,BANKNIFTY 29JAN2025 PE 50700,BANKNIFTY
46803,2,BANKNIFTY 24DEC2024 CE 54300,BANKNIFTY
39657,2,BANKNIFTY 29JAN2025 CE 54300,BANKNIFTY
46812,2,BANKNIFTY 24DEC2024 PE 54300,BANKNIFTY
39658,2,BANKNIFTY 29JAN2025 PE 54300,BANKNIFTY
43545,2,BANKNIFTY 24DEC2024 CE 50300,BANKNIFTY
39518,2,BANKNIFTY 29JAN2025 CE 50300,BANKNIFTY
43546,2,BANKNIFTY 24DEC2024 PE 50300,BANKNIFTY
39519,2,BANKNIFTY 29JAN2025 PE 50300,BANKNIFTY
46815,2,BANKNIFTY 24DEC2024 CE 54500,BANKNIFTY
39662,2,BANKNIFTY 29JAN2025 CE 54500,BANKNIFTY
46816,2,BANKNIFTY 24DEC2024 PE 54500,BANKNIFTY
39663,2,BANKNIFTY 29JAN2025 PE 54500,BANKNIFTY
46975,2,BANKNIFTY 24DEC2024 CE 57100,BANKNIFTY
39772,2,BANKNIFTY 29JAN2025 CE 57100,BANKNIFTY
46976,2,BANKNIFTY 24DEC2024 PE 57100,BANKNIFTY
39773,2,BANKNIFTY 29JAN2025 PE 57100,BANKNIFTY
46694,2,BANKNIFTY 24DEC2024 CE 52100,BANKNIFTY
39557,2,BANKNIFTY 29JAN2025 CE 52100,BANKNIFTY
46695,2,BANKNIFTY 24DEC2024 PE 52100,BANKNIFTY
39558,2,BANKNIFTY 29JAN2025 PE 52100,BANKNIFTY
67073,2,BANKNIFTY 24DEC2024 CE 54000,BANKNIFTY
39649,2,BANKNIFTY 29JAN2025 CE 54000,BANKNIFTY
67074,2,BANKNIFTY 24DEC2024 PE 54000,BANKNIFTY
39650,2,BANKNIFTY 29JAN2025 PE 54000,BANKNIFTY
46867,2,BANKNIFTY 24DEC2024 CE 55400,BANKNIFTY
39728,2,BANKNIFTY 29JAN2025 CE 55400,BANKNIFTY
46868,2,BANKNIFTY 24DEC2024 PE 55400,BANKNIFTY
39729,2,BANKNIFTY 29JAN2025 PE 55400,BANKNIFTY
43450,2,BANKNIFTY 24DEC2024 CE 49600,BANKNIFTY
39500,2,BANKNIFTY 29JAN2025 CE 49600,BANKNIFTY
43451,2,BANKNIFTY 24DEC2024 PE 49600,BANKNIFTY
39501,2,BANKNIFTY 29JAN2025 PE 49600,BANKNIFTY
43504,2,BANKNIFTY 24DEC2024 CE 49900,BANKNIFTY
39508,2,BANKNIFTY 29JAN2025 CE 49900,BANKNIFTY
43505,2,BANKNIFTY 24DEC2024 PE 49900,BANKNIFTY
39509,2,BANKNIFTY 29JAN2025 PE 49900,BANKNIFTY
43484,2,BANKNIFTY 24DEC2024 CE 49800,BANKNIFTY
39506,2,BANKNIFTY 29JAN2025 CE 49800,BANKNIFTY
43485,2,BANKNIFTY 24DEC2024 PE 49800,BANKNIFTY
39507,2,BANKNIFTY 29JAN2025 PE 49800,BANKNIFTY
46877,2,BANKNIFTY 24DEC2024 CE 55700,BANKNIFTY
39734,2,BANKNIFTY 29JAN2025 CE 55700,BANKNIFTY
46879,2,BANKNIFTY 24DEC2024 PE 55700,BANKNIFTY
39735,2,BANKNIFTY 29JAN2025 PE 55700,BANKNIFTY
46528,2,BANKNIFTY 24DEC2024 CE 51600,BANKNIFTY
39547,2,BANKNIFTY 29JAN2025 CE 51600,BANKNIFTY
46529,2,BANKNIFTY 24DEC2024 PE 51600,BANKNIFTY
39548,2,BANKNIFTY 29JAN2025 PE 51600,BANKNIFTY
67075,2,BANKNIFTY 24DEC2024 CE 55500,BANKNIFTY
39730,2,BANKNIFTY 29JAN2025 CE 55500,BANKNIFTY
67076,2,BANKNIFTY 24DEC2024 PE 55500,BANKNIFTY
39731,2,BANKNIFTY 29JAN2025 PE 55500,BANKNIFTY
46886,2,BANKNIFTY 24DEC2024 CE 55900,BANKNIFTY
39741,2,BANKNIFTY 29JAN2025 CE 55900,BANKNIFTY
46888,2,BANKNIFTY 24DEC2024 PE 55900,BANKNIFTY
39742,2,BANKNIFTY 29JAN2025 PE 55900,BANKNIFTY
43564,2,BANKNIFTY 24DEC2024 CE 50600,BANKNIFTY
39524,2,BANKNIFTY 29JAN2025 CE 50600,BANKNIFTY
43565,2,BANKNIFTY 24DEC2024 PE 50600,BANKNIFTY
39525,2,BANKNIFTY 29JAN2025 PE 50600,BANKNIFTY
46797,2,BANKNIFTY 24DEC2024 CE 54100,BANKNIFTY
39652,2,BANKNIFTY 29JAN2025 CE 54100,BANKNIFTY
46800,2,BANKNIFTY 24DEC2024 PE 54100,BANKNIFTY
39653,2,BANKNIFTY 29JAN2025 PE 54100,BANKNIFTY
46750,2,BANKNIFTY 24DEC2024 CE 52700,BANKNIFTY
39575,2,BANKNIFTY 29JAN2025 CE 52700,BANKNIFTY
46751,2,BANKNIFTY 24DEC2024 PE 52700,BANKNIFTY
39576,2,BANKNIFTY 29JAN2025 PE 52700,BANKNIFTY
46891,2,BANKNIFTY 24DEC2024 CE 56000,BANKNIFTY
39745,2,BANKNIFTY 29JAN2025 CE 56000,BANKNIFTY
46892,2,BANKNIFTY 24DEC2024 PE 56000,BANKNIFTY
39746,2,BANKNIFTY 29JAN2025 PE 56000,BANKNIFTY
46841,2,BANKNIFTY 24DEC2024 CE 55100,BANKNIFTY
39719,2,BANKNIFTY 29JAN2025 CE 55100,BANKNIFTY
46842,2,BANKNIFTY 24DEC2024 PE 55100,BANKNIFTY
39720,2,BANKNIFTY 29JAN2025 PE 55100,BANKNIFTY
46828,2,BANKNIFTY 24DEC2024 CE 54900,BANKNIFTY
39711,2,BANKNIFTY 29JAN2025 CE 54900,BANKNIFTY
46829,2,BANKNIFTY 24DEC2024 PE 54900,BANKNIFTY
39712,2,BANKNIFTY 29JAN2025 PE 54900,BANKNIFTY
43773,2,BANKNIFTY 24DEC2024 CE 51500,BANKNIFTY
39545,2,BANKNIFTY 29JAN2025 CE 51500,BANKNIFTY
46527,2,BANKNIFTY 24DEC2024 PE 51500,BANKNIFTY
39546,2,BANKNIFTY 29JAN2025 PE 51500,BANKNIFTY
54569,2,FINNIFTY 31DEC2024 CE 23600,FINNIFTY
42299,2,FINNIFTY 28JAN2025 CE 23600,FINNIFTY
54570,2,FINNIFTY 31DEC2024 PE 23600,FINNIFTY
42300,2,FINNIFTY 28JAN2025 PE 23600,FINNIFTY
54827,2,FINNIFTY 31DEC2024 CE 26700,FINNIFTY
44568,2,FINNIFTY 28JAN2025 CE 26700,FINNIFTY
54828,2,FINNIFTY 31DEC2024 PE 26700,FINNIFTY
44569,2,FINNIFTY 28JAN2025 PE 26700,FINNIFTY
37265,2,FINNIFTY 31DEC2024 CE 26450,FINNIFTY
37266,2,FINNIFTY 31DEC2024 PE 26450,FINNIFTY
54591,2,FINNIFTY 31DEC2024 CE 24000,FINNIFTY
42692,2,FINNIFTY 28JAN2025 CE 24000,FINNIFTY
54592,2,FINNIFTY 31DEC2024 PE 24000,FINNIFTY
42693,2,FINNIFTY 28JAN2025 PE 24000,FINNIFTY
54735,2,FINNIFTY 31DEC2024 CE 25600,FINNIFTY
43336,2,FINNIFTY 28JAN2025 CE 25600,FINNIFTY
54736,2,FINNIFTY 31DEC2024 PE 25600,FINNIFTY
43337,2,FINNIFTY 28JAN2025 PE 25600,FINNIFTY
36994,2,FINNIFTY 31DEC2024 CE 24850,FINNIFTY
36995,2,FINNIFTY 31DEC2024 PE 24850,FINNIFTY
54599,2,FINNIFTY 31DEC2024 CE 24400,FINNIFTY
42773,2,FINNIFTY 28JAN2025 CE 24400,FINNIFTY
54600,2,FINNIFTY 31DEC2024 PE 24400,FINNIFTY
42774,2,FINNIFTY 28JAN2025 PE 24400,FINNIFTY
54737,2,FINNIFTY 31DEC2024 CE 25700,FINNIFTY
43338,2,FINNIFTY 28JAN2025 CE 25700,FINNIFTY
54738,2,FINNIFTY 31DEC2024 PE 25700,FINNIFTY
43340,2,FINNIFTY 28JAN2025 PE 25700,FINNIFTY
54733,2,FINNIFTY 31DEC2024 CE 25500,FINNIFTY
43326,2,FINNIFTY 28JAN2025 CE 25500,FINNIFTY
54734,2,FINNIFTY 31DEC2024 PE 25500,FINNIFTY
43335,2,FINNIFTY 28JAN2025 PE 25500,FINNIFTY
54821,2,FINNIFTY 31DEC2024 CE 26400,FINNIFTY
44548,2,FINNIFTY 28JAN2025 CE 26400,FINNIFTY
54822,2,FINNIFTY 31DEC2024 PE 26400,FINNIFTY
44549,2,FINNIFTY 28JAN2025 PE 26400,FINNIFTY
36855,2,FINNIFTY 31DEC2024 CE 23850,FINNIFTY
36857,2,FINNIFTY 31DEC2024 PE 23850,FINNIFTY
51885,2,FINNIFTY 31DEC2024 CE 23100,FINNIFTY
42084,2,FINNIFTY 28JAN2025 CE 23100,FINNIFTY
51893,2,FINNIFTY 31DEC2024 PE 23100,FINNIFTY
42085,2,FINNIFTY 28JAN2025 PE 23100,FINNIFTY
51894,2,FINNIFTY 31DEC2024 CE 23200,FINNIFTY
42088,2,FINNIFTY 28JAN2025 CE 23200,FINNIFTY
51907,2,FINNIFTY 31DEC2024 PE 23200,FINNIFTY
42089,2,FINNIFTY 28JAN2025 PE 23200,FINNIFTY
54823,2,FINNIFTY 31DEC2024 CE 26500,FINNIFTY
44550,2,FINNIFTY 28JAN2025 CE 26500,FINNIFTY
54824,2,FINNIFTY 31DEC2024 PE 26500,FINNIFTY
44552,2,FINNIFTY 28JAN2025 PE 26500,FINNIFTY
54707,2,FINNIFTY 31DEC2024 CE 25200,FINNIFTY
43129,2,FINNIFTY 28JAN2025 CE 25200,FINNIFTY
54710,2,FINNIFTY 31DEC2024 PE 25200,FINNIFTY
43130,2,FINNIFTY 28JAN2025 PE 25200,FINNIFTY
54607,2,FINNIFTY 31DEC2024 CE 24800,FINNIFTY
42971,2,FINNIFTY 28JAN2025 CE 24800,FINNIFTY
54608,2,FINNIFTY 31DEC2024 PE 24800,FINNIFTY
42972,2,FINNIFTY 28JAN2025 PE 24800,FINNIFTY
52391,2,FINNIFTY 31DEC2024 CE 23400,FINNIFTY
42181,2,FINNIFTY 28JAN2025 CE 23400,FINNIFTY
52392,2,FINNIFTY 31DEC2024 PE 23400,FINNIFTY
42183,2,FINNIFTY 28JAN2025 PE 23400,FINNIFTY
54747,2,FINNIFTY 31DEC2024 CE 26200,FINNIFTY
44540,2,FINNIFTY 28JAN2025 CE 26200,FINNIFTY
54748,2,FINNIFTY 31DEC2024 PE 26200,FINNIFTY
44541,2,FINNIFTY 28JAN2025 PE 26200,FINNIFTY
54743,2,FINNIFTY 31DEC2024 CE 26000,FINNIFTY
44427,2,FINNIFTY 28JAN2025 CE 26000,FINNIFTY
54744,2,FINNIFTY 31DEC2024 PE 26000,FINNIFTY
44428,2,FINNIFTY 28JAN2025 PE 26000,FINNIFTY
54575,2,FINNIFTY 31DEC2024 CE 23700,FINNIFTY
42311,2,FINNIFTY 28JAN2025 CE 23700,FINNIFTY
54576,2,FINNIFTY 31DEC2024 PE 23700,FINNIFTY
42313,2,FINNIFTY 28JAN2025 PE 23700,FINNIFTY
54613,2,FINNIFTY 31DEC2024 CE 25100,FINNIFTY
43115,2,FINNIFTY 28JAN2025 CE 25100,FINNIFTY
54688,2,FINNIFTY 31DEC2024 PE 25100,FINNIFTY
43116,2,FINNIFTY 28JAN2025 PE 25100,FINNIFTY
36968,2,FINNIFTY 31DEC2024 CE 24550,FINNIFTY
36970,2,FINNIFTY 31DEC2024 PE 24550,FINNIFTY
54601,2,FINNIFTY 31DEC2024 CE 24500,FINNIFTY
42775,2,FINNIFTY 28JAN2025 CE 24500,FINNIFTY
54602,2,FINNIFTY 31DEC2024 PE 24500,FINNIFTY
42776,2,FINNIFTY 28JAN2025 PE 24500,FINNIFTY
52386,2,FINNIFTY 31DEC2024 CE 23300,FINNIFTY
42179,2,FINNIFTY 28JAN2025 CE 23300,FINNIFTY
52389,2,FINNIFTY 31DEC2024 PE 23300,FINNIFTY
42180,2,FINNIFTY 28JAN2025 PE 23300,FINNIFTY
36833,2,FINNIFTY 31DEC2024 CE 23550,FINNIFTY
36836,2,FINNIFTY 31DEC2024 PE 23550,FINNIFTY
51882,2,FINNIFTY 31DEC2024 CE 23000,FINNIFTY
42082,2,FINNIFTY 28JAN2025 CE 23000,FINNIFTY
51883,2,FINNIFTY 31DEC2024 PE 23000,FINNIFTY
42083,2,FINNIFTY 28JAN2025 PE 23000,FINNIFTY
36919,2,FINNIFTY 31DEC2024 CE 24350,FINNIFTY
36920,2,FINNIFTY 31DEC2024 PE 24350,FINNIFTY
37274,2,FINNIFTY 31DEC2024 CE 26650,FINNIFTY
37296,2,FINNIFTY 31DEC2024 PE 26650,FINNIFTY
54739,2,FINNIFTY 31DEC2024 CE 25800,FINNIFTY
43341,2,FINNIFTY 28JAN2025 CE 25800,FINNIFTY
54740,2,FINNIFTY 31DEC2024 PE 25800,FINNIFTY
43348,2,FINNIFTY 28JAN2025 PE 25800,FINNIFTY
36983,2,FINNIFTY 31DEC2024 CE 24650,FINNIFTY
36985,2,FINNIFTY 31DEC2024 PE 24650,FINNIFTY
37039,2,FINNIFTY 31DEC2024 CE 25550,FINNIFTY
37040,2,FINNIFTY 31DEC2024 PE 25550,FINNIFTY
37011,2,FINNIFTY 31DEC2024 CE 24950,FINNIFTY
37012,2,FINNIFTY 31DEC2024 PE 24950,FINNIFTY
54603,2,FINNIFTY 31DEC2024 CE 24600,FINNIFTY
42780,2,FINNIFTY 28JAN2025 CE 24600,FINNIFTY
54604,2,FINNIFTY 31DEC2024 PE 24600,FINNIFTY
42781,2,FINNIFTY 28JAN2025 PE 24600,FINNIFTY
54593,2,FINNIFTY 31DEC2024 CE 24100,FINNIFTY
42708,2,FINNIFTY 28JAN2025 CE 24100,FINNIFTY
54594,2,FINNIFTY 31DEC2024 PE 24100,FINNIFTY
42711,2,FINNIFTY 28JAN2025 PE 24100,FINNIFTY
36837,2,FINNIFTY 31DEC2024 CE 23650,FINNIFTY
36838,2,FINNIFTY 31DEC2024 PE 23650,FINNIFTY
54609,2,FINNIFTY 31DEC2024 CE 24900,FINNIFTY
42982,2,FINNIFTY 28JAN2025 CE 24900,FINNIFTY
54610,2,FINNIFTY 31DEC2024 PE 24900,FINNIFTY
42986,2,FINNIFTY 28JAN2025 PE 24900,FINNIFTY
36825,2,FINNIFTY 31DEC2024 CE 23250,FINNIFTY
36826,2,FINNIFTY 31DEC2024 PE 23250,FINNIFTY
36849,2,FINNIFTY 31DEC2024 CE 23750,FINNIFTY
36852,2,FINNIFTY 31DEC2024 PE 23750,FINNIFTY
54825,2,FINNIFTY 31DEC2024 CE 26600,FINNIFTY
44557,2,FINNIFTY 28JAN2025 CE 26600,FINNIFTY
54826,2,FINNIFTY 31DEC2024 PE 26600,FINNIFTY
44559,2,FINNIFTY 28JAN2025 PE 26600,FINNIFTY
36873,2,FINNIFTY 31DEC2024 CE 24050,FINNIFTY
36882,2,FINNIFTY 31DEC2024 PE 24050,FINNIFTY
54605,2,FINNIFTY 31DEC2024 CE 24700,FINNIFTY
42903,2,FINNIFTY 28JAN2025 CE 24700,FINNIFTY
54606,2,FINNIFTY 31DEC2024 PE 24700,FINNIFTY
42904,2,FINNIFTY 28JAN2025 PE 24700,FINNIFTY
54577,2,FINNIFTY 31DEC2024 CE 23800,FINNIFTY
42322,2,FINNIFTY 28JAN2025 CE 23800,FINNIFTY
54578,2,FINNIFTY 31DEC2024 PE 23800,FINNIFTY
42323,2,FINNIFTY 28JAN2025 PE 23800,FINNIFTY
36989,2,FINNIFTY 31DEC2024 CE 24750,FINNIFTY
36990,2,FINNIFTY 31DEC2024 PE 24750,FINNIFTY
37062,2,FINNIFTY 31DEC2024 CE 26050,FINNIFTY
37064,2,FINNIFTY 31DEC2024 PE 26050,FINNIFTY
54745,2,FINNIFTY 31DEC2024 CE 26100,FINNIFTY
44433,2,FINNIFTY 28JAN2025 CE 26100,FINNIFTY
54746,2,FINNIFTY 31DEC2024 PE 26100,FINNIFTY
44434,2,FINNIFTY 28JAN2025 PE 26100,FINNIFTY
54741,2,FINNIFTY 31DEC2024 CE 25900,FINNIFTY
44419,2,FINNIFTY 28JAN2025 CE 25900,FINNIFTY
54742,2,FINNIFTY 31DEC2024 PE 25900,FINNIFTY
44420,2,FINNIFTY 28JAN2025 PE 25900,FINNIFTY
37031,2,FINNIFTY 31DEC2024 CE 25350,FINNIFTY
37032,2,FINNIFTY 31DEC2024 PE 25350,FINNIFTY
37041,2,FINNIFTY 31DEC2024 CE 25650,FINNIFTY
37042,2,FINNIFTY 31DEC2024 PE 25650,FINNIFTY
37043,2,FINNIFTY 31DEC2024 CE 25750,FINNIFTY
37044,2,FINNIFTY 31DEC2024 PE 25750,FINNIFTY
54567,2,FINNIFTY 31DEC2024 CE 23500,FINNIFTY
42244,2,FINNIFTY 28JAN2025 CE 23500,FINNIFTY
54568,2,FINNIFTY 31DEC2024 PE 23500,FINNIFTY
42245,2,FINNIFTY 28JAN2025 PE 23500,FINNIFTY
54731,2,FINNIFTY 31DEC2024 CE 25400,FINNIFTY
43324,2,FINNIFTY 28JAN2025 CE 25400,FINNIFTY
54732,2,FINNIFTY 31DEC2024 PE 25400,FINNIFTY
43325,2,FINNIFTY 28JAN2025 PE 25400,FINNIFTY
54611,2,FINNIFTY 31DEC2024 CE 25000,FINNIFTY
42996,2,FINNIFTY 28JAN2025 CE 25000,FINNIFTY
54612,2,FINNIFTY 31DEC2024 PE 25000,FINNIFTY
42997,2,FINNIFTY 28JAN2025 PE 25000,FINNIFTY
54829,2,FINNIFTY 31DEC2024 CE 26800,FINNIFTY
44570,2,FINNIFTY 28JAN2025 CE 26800,FINNIFTY
54830,2,FINNIFTY 31DEC2024 PE 26800,FINNIFTY
44571,2,FINNIFTY 28JAN2025 PE 26800,FINNIFTY
37267,2,FINNIFTY 31DEC2024 CE 26550,FINNIFTY
37268,2,FINNIFTY 31DEC2024 PE 26550,FINNIFTY
36817,2,FINNIFTY 31DEC2024 CE 22950,FINNIFTY
36818,2,FINNIFTY 31DEC2024 PE 22950,FINNIFTY
54595,2,FINNIFTY 31DEC2024 CE 24200,FINNIFTY
42752,2,FINNIFTY 28JAN2025 CE 24200,FINNIFTY
54596,2,FINNIFTY 31DEC2024 PE 24200,FINNIFTY
42753,2,FINNIFTY 28JAN2025 PE 24200,FINNIFTY
36831,2,FINNIFTY 31DEC2024 CE 23450,FINNIFTY
36832,2,FINNIFTY 31DEC2024 PE 23450,FINNIFTY
37026,2,FINNIFTY 31DEC2024 CE 25150,FINNIFTY
37027,2,FINNIFTY 31DEC2024 PE 25150,FINNIFTY
37029,2,FINNIFTY 31DEC2024 CE 25250,FINNIFTY
37030,2,FINNIFTY 31DEC2024 PE 25250,FINNIFTY
37035,2,FINNIFTY 31DEC2024 CE 25450,FINNIFTY
37038,2,FINNIFTY 31DEC2024 PE 25450,FINNIFTY
37058,2,FINNIFTY 31DEC2024 CE 25950,FINNIFTY
37059,2,FINNIFTY 31DEC2024 PE 25950,FINNIFTY
54597,2,FINNIFTY 31DEC2024 CE 24300,FINNIFTY
42754,2,FINNIFTY 28JAN2025 CE 24300,FINNIFTY
54598,2,FINNIFTY 31DEC2024 PE 24300,FINNIFTY
42755,2,FINNIFTY 28JAN2025 PE 24300,FINNIFTY
54729,2,FINNIFTY 31DEC2024 CE 25300,FINNIFTY
43167,2,FINNIFTY 28JAN2025 CE 25300,FINNIFTY
54730,2,FINNIFTY 31DEC2024 PE 25300,FINNIFTY
43168,2,FINNIFTY 28JAN2025 PE 25300,FINNIFTY
54587,2,FINNIFTY 31DEC2024 CE 23900,FINNIFTY
42631,2,FINNIFTY 28JAN2025 CE 23900,FINNIFTY
54588,2,FINNIFTY 31DEC2024 PE 23900,FINNIFTY
42632,2,FINNIFTY 28JAN2025 PE 23900,FINNIFTY
54813,2,FINNIFTY 31DEC2024 CE 26300,FINNIFTY
44542,2,FINNIFTY 28JAN2025 CE 26300,FINNIFTY
54814,2,FINNIFTY 31DEC2024 PE 26300,FINNIFTY
44543,2,FINNIFTY 28JAN2025 PE 26300,FINNIFTY
37096,2,FINNIFTY 31DEC2024 CE 26350,FINNIFTY
37183,2,FINNIFTY 31DEC2024 PE 26350,FINNIFTY
36883,2,FINNIFTY 31DEC2024 CE 24150,FINNIFTY
36884,2,FINNIFTY 31DEC2024 PE 24150,FINNIFTY
37086,2,FINNIFTY 31DEC2024 CE 26250,FINNIFTY
37087,2,FINNIFTY 31DEC2024 PE 26250,FINNIFTY
37080,2,FINNIFTY 31DEC2024 CE 26150,FINNIFTY
37081,2,FINNIFTY 31DEC2024 PE 26150,FINNIFTY
37047,2,FINNIFTY 31DEC2024 CE 25850,FINNIFTY
37053,2,FINNIFTY 31DEC2024 PE 25850,FINNIFTY
36829,2,FINNIFTY 31DEC2024 CE 23350,FINNIFTY
36830,2,FINNIFTY 31DEC2024 PE 23350,FINNIFTY
37016,2,FINNIFTY 31DEC2024 CE 25050,FINNIFTY
37017,2,FINNIFTY 31DEC2024 PE 25050,FINNIFTY
36923,2,FINNIFTY 31DEC2024 CE 24450,FINNIFTY
36963,2,FINNIFTY 31DEC2024 PE 24450,FINNIFTY
37297,2,FINNIFTY 31DEC2024 CE 26750,FINNIFTY
37311,2,FINNIFTY 31DEC2024 PE 26750,FINNIFTY
36819,2,FINNIFTY 31DEC2024 CE 23050,FINNIFTY
36820,2,FINNIFTY 31DEC2024 PE 23050,FINNIFTY
36858,2,FINNIFTY 31DEC2024 CE 23950,FINNIFTY
36863,2,FINNIFTY 31DEC2024 PE 23950,FINNIFTY
36905,2,FINNIFTY 31DEC2024 CE 24250,FINNIFTY
36906,2,FINNIFTY 31DEC2024 PE 24250,FINNIFTY
36823,2,FINNIFTY 31DEC2024 CE 23150,FINNIFTY
36824,2,FINNIFTY 31DEC2024 PE 23150,FINNIFTY
37349,2,FINNIFTY 31DEC2024 CE 26850,FINNIFTY
37350,2,FINNIFTY 31DEC2024 PE 26850,FINNIFTY
37006,2,MIDCPNIFTY 30DEC2024 CE 12700,MIDCPNIFTY
36581,2,MIDCPNIFTY 27JAN2025 CE 12700,MIDCPNIFTY
37009,2,MIDCPNIFTY 30DEC2024 PE 12700,MIDCPNIFTY
36582,2,MIDCPNIFTY 27JAN2025 PE 12700,MIDCPNIFTY
36957,2,MIDCPNIFTY 30DEC2024 CE 12575,MIDCPNIFTY
36543,2,MIDCPNIFTY 27JAN2025 CE 12575,MIDCPNIFTY
36958,2,MIDCPNIFTY 30DEC2024 PE 12575,MIDCPNIFTY
36544,2,MIDCPNIFTY 27JAN2025 PE 12575,MIDCPNIFTY
37104,2,MIDCPNIFTY 30DEC2024 CE 13050,MIDCPNIFTY
36704,2,MIDCPNIFTY 27JAN2025 CE 13050,MIDCPNIFTY
37105,2,MIDCPNIFTY 30DEC2024 PE 13050,MIDCPNIFTY
36705,2,MIDCPNIFTY 27JAN2025 PE 13050,MIDCPNIFTY
37002,2,MIDCPNIFTY 30DEC2024 CE 12650,MIDCPNIFTY
36552,2,MIDCPNIFTY 27JAN2025 CE 12650,MIDCPNIFTY
37003,2,MIDCPNIFTY 30DEC2024 PE 12650,MIDCPNIFTY
36553,2,MIDCPNIFTY 27JAN2025 PE 12650,MIDCPNIFTY
36807,2,MIDCPNIFTY 30DEC2024 CE 12175,MIDCPNIFTY
36440,2,MIDCPNIFTY 27JAN2025 CE 12175,MIDCPNIFTY
36808,2,MIDCPNIFTY 30DEC2024 PE 12175,MIDCPNIFTY
36456,2,MIDCPNIFTY 27JAN2025 PE 12175,MIDCPNIFTY
36781,2,MIDCPNIFTY 30DEC2024 CE 12100,MIDCPNIFTY
36384,2,MIDCPNIFTY 27JAN2025 CE 12100,MIDCPNIFTY
36784,2,MIDCPNIFTY 30DEC2024 PE 12100,MIDCPNIFTY
36385,2,MIDCPNIFTY 27JAN2025 PE 12100,MIDCPNIFTY
37050,2,MIDCPNIFTY 30DEC2024 CE 12850,MIDCPNIFTY
36625,2,MIDCPNIFTY 27JAN2025 CE 12850,MIDCPNIFTY
37051,2,MIDCPNIFTY 30DEC2024 PE 12850,MIDCPNIFTY
36627,2,MIDCPNIFTY 27JAN2025 PE 12850,MIDCPNIFTY
37117,2,MIDCPNIFTY 30DEC2024 CE 13100,MIDCPNIFTY
36771,2,MIDCPNIFTY 27JAN2025 CE 13100,MIDCPNIFTY
37118,2,MIDCPNIFTY 30DEC2024 PE 13100,MIDCPNIFTY
36772,2,MIDCPNIFTY 27JAN2025 PE 13100,MIDCPNIFTY
36785,2,MIDCPNIFTY 30DEC2024 CE 12125,MIDCPNIFTY
36408,2,MIDCPNIFTY 27JAN2025 CE 12125,MIDCPNIFTY
36786,2,MIDCPNIFTY 30DEC2024 PE 12125,MIDCPNIFTY
36415,2,MIDCPNIFTY 27JAN2025 PE 12125,MIDCPNIFTY
36951,2,MIDCPNIFTY 30DEC2024 CE 12500,MIDCPNIFTY
36526,2,MIDCPNIFTY 27JAN2025 CE 12500,MIDCPNIFTY
36952,2,MIDCPNIFTY 30DEC2024 PE 12500,MIDCPNIFTY
36527,2,MIDCPNIFTY 27JAN2025 PE 12500,MIDCPNIFTY
37381,2,MIDCPNIFTY 30DEC2024 CE 14000,MIDCPNIFTY
37091,2,MIDCPNIFTY 27JAN2025 CE 14000,MIDCPNIFTY
37386,2,MIDCPNIFTY 30DEC2024 PE 14000,MIDCPNIFTY
37099,2,MIDCPNIFTY 27JAN2025 PE 14000,MIDCPNIFTY
37225,2,MIDCPNIFTY 30DEC2024 CE 13600,MIDCPNIFTY
36928,2,MIDCPNIFTY 27JAN2025 CE 13600,MIDCPNIFTY
37228,2,MIDCPNIFTY 30DEC2024 PE 13600,MIDCPNIFTY
36932,2,MIDCPNIFTY 27JAN2025 PE 13600,MIDCPNIFTY
36914,2,MIDCPNIFTY 30DEC2024 CE 12375,MIDCPNIFTY
36501,2,MIDCPNIFTY 27JAN2025 CE 12375,MIDCPNIFTY
36924,2,MIDCPNIFTY 30DEC2024 PE 12375,MIDCPNIFTY
36509,2,MIDCPNIFTY 27JAN2025 PE 12375,MIDCPNIFTY
36767,2,MIDCPNIFTY 30DEC2024 CE 12075,MIDCPNIFTY
36378,2,MIDCPNIFTY 27JAN2025 CE 12075,MIDCPNIFTY
36768,2,MIDCPNIFTY 30DEC2024 PE 12075,MIDCPNIFTY
36379,2,MIDCPNIFTY 27JAN2025 PE 12075,MIDCPNIFTY
37301,2,MIDCPNIFTY 30DEC2024 CE 13775,MIDCPNIFTY
36973,2,MIDCPNIFTY 27JAN2025 CE 13775,MIDCPNIFTY
37302,2,MIDCPNIFTY 30DEC2024 PE 13775,MIDCPNIFTY
36988,2,MIDCPNIFTY 27JAN2025 PE 13775,MIDCPNIFTY
37374,2,MIDCPNIFTY 30DEC2024 CE 13950,MIDCPNIFTY
37074,2,MIDCPNIFTY 27JAN2025 CE 13950,MIDCPNIFTY
37375,2,MIDCPNIFTY 30DEC2024 PE 13950,MIDCPNIFTY
37082,2,MIDCPNIFTY 27JAN2025 PE 13950,MIDCPNIFTY
36872,2,MIDCPNIFTY 30DEC2024 CE 12250,MIDCPNIFTY
36465,2,MIDCPNIFTY 27JAN2025 CE 12250,MIDCPNIFTY
36877,2,MIDCPNIFTY 30DEC2024 PE 12250,MIDCPNIFTY
36473,2,MIDCPNIFTY 27JAN2025 PE 12250,MIDCPNIFTY
37139,2,MIDCPNIFTY 30DEC2024 CE 13225,MIDCPNIFTY
36821,2,MIDCPNIFTY 27JAN2025 CE 13225,MIDCPNIFTY
37145,2,MIDCPNIFTY 30DEC2024 PE 13225,MIDCPNIFTY
36822,2,MIDCPNIFTY 27JAN2025 PE 13225,MIDCPNIFTY
37220,2,MIDCPNIFTY 30DEC2024 CE 13575,MIDCPNIFTY
36926,2,MIDCPNIFTY 27JAN2025 CE 13575,MIDCPNIFTY
37221,2,MIDCPNIFTY 30DEC2024 PE 13575,MIDCPNIFTY
36927,2,MIDCPNIFTY 27JAN2025 PE 13575,MIDCPNIFTY
37308,2,MIDCPNIFTY 30DEC2024 CE 13825,MIDCPNIFTY
36997,2,MIDCPNIFTY 27JAN2025 CE 13825,MIDCPNIFTY
37315,2,MIDCPNIFTY 30DEC2024 PE 13825,MIDCPNIFTY
37025,2,MIDCPNIFTY 27JAN2025 PE 13825,MIDCPNIFTY
36880,2,MIDCPNIFTY 30DEC2024 CE 12300,MIDCPNIFTY
36476,2,MIDCPNIFTY 27JAN2025 CE 12300,MIDCPNIFTY
36885,2,MIDCPNIFTY 30DEC2024 PE 12300,MIDCPNIFTY
36479,2,MIDCPNIFTY 27JAN2025 PE 12300,MIDCPNIFTY
37253,2,MIDCPNIFTY 30DEC2024 CE 13700,MIDCPNIFTY
36945,2,MIDCPNIFTY 27JAN2025 CE 13700,MIDCPNIFTY
37254,2,MIDCPNIFTY 30DEC2024 PE 13700,MIDCPNIFTY
36946,2,MIDCPNIFTY 27JAN2025 PE 13700,MIDCPNIFTY
36866,2,MIDCPNIFTY 30DEC2024 CE 12225,MIDCPNIFTY
36460,2,MIDCPNIFTY 27JAN2025 CE 12225,MIDCPNIFTY
36868,2,MIDCPNIFTY 30DEC2024 PE 12225,MIDCPNIFTY
36464,2,MIDCPNIFTY 27JAN2025 PE 12225,MIDCPNIFTY
37208,2,MIDCPNIFTY 30DEC2024 CE 13550,MIDCPNIFTY
36918,2,MIDCPNIFTY 27JAN2025 CE 13550,MIDCPNIFTY
37211,2,MIDCPNIFTY 30DEC2024 PE 13550,MIDCPNIFTY
36925,2,MIDCPNIFTY 27JAN2025 PE 13550,MIDCPNIFTY
37198,2,MIDCPNIFTY 30DEC2024 CE 13475,MIDCPNIFTY
36897,2,MIDCPNIFTY 27JAN2025 CE 13475,MIDCPNIFTY
37199,2,MIDCPNIFTY 30DEC2024 PE 13475,MIDCPNIFTY
36903,2,MIDCPNIFTY 27JAN2025 PE 13475,MIDCPNIFTY
37166,2,MIDCPNIFTY 30DEC2024 CE 13325,MIDCPNIFTY
36862,2,MIDCPNIFTY 27JAN2025 CE 13325,MIDCPNIFTY
37168,2,MIDCPNIFTY 30DEC2024 PE 13325,MIDCPNIFTY
36867,2,MIDCPNIFTY 27JAN2025 PE 13325,MIDCPNIFTY
37084,2,MIDCPNIFTY 30DEC2024 CE 12975,MIDCPNIFTY
36672,2,MIDCPNIFTY 27JAN2025 CE 12975,MIDCPNIFTY
37088,2,MIDCPNIFTY 30DEC2024 PE 12975,MIDCPNIFTY
36679,2,MIDCPNIFTY 27JAN2025 PE 12975,MIDCPNIFTY
37130,2,MIDCPNIFTY 30DEC2024 CE 13200,MIDCPNIFTY
36815,2,MIDCPNIFTY 27JAN2025 CE 13200,MIDCPNIFTY
37138,2,MIDCPNIFTY 30DEC2024 PE 13200,MIDCPNIFTY
36816,2,MIDCPNIFTY 27JAN2025 PE 13200,MIDCPNIFTY
37176,2,MIDCPNIFTY 30DEC2024 CE 13400,MIDCPNIFTY
36888,2,MIDCPNIFTY 27JAN2025 CE 13400,MIDCPNIFTY
37179,2,MIDCPNIFTY 30DEC2024 PE 13400,MIDCPNIFTY
36890,2,MIDCPNIFTY 27JAN2025 PE 13400,MIDCPNIFTY
37169,2,MIDCPNIFTY 30DEC2024 CE 13350,MIDCPNIFTY
36869,2,MIDCPNIFTY 27JAN2025 CE 13350,MIDCPNIFTY
37170,2,MIDCPNIFTY 30DEC2024 PE 13350,MIDCPNIFTY
36870,2,MIDCPNIFTY 27JAN2025 PE 13350,MIDCPNIFTY
37376,2,MIDCPNIFTY 30DEC2024 CE 13975,MIDCPNIFTY
37085,2,MIDCPNIFTY 27JAN2025 CE 13975,MIDCPNIFTY
37379,2,MIDCPNIFTY 30DEC2024 PE 13975,MIDCPNIFTY
37090,2,MIDCPNIFTY 27JAN2025 PE 13975,MIDCPNIFTY
36878,2,MIDCPNIFTY 30DEC2024 CE 12275,MIDCPNIFTY
36474,2,MIDCPNIFTY 27JAN2025 CE 12275,MIDCPNIFTY
36879,2,MIDCPNIFTY 30DEC2024 PE 12275,MIDCPNIFTY
36475,2,MIDCPNIFTY 27JAN2025 PE 12275,MIDCPNIFTY
37072,2,MIDCPNIFTY 30DEC2024 CE 12925,MIDCPNIFTY
36647,2,MIDCPNIFTY 27JAN2025 CE 12925,MIDCPNIFTY
37073,2,MIDCPNIFTY 30DEC2024 PE 12925,MIDCPNIFTY
36665,2,MIDCPNIFTY 27JAN2025 PE 12925,MIDCPNIFTY
37010,2,MIDCPNIFTY 30DEC2024 CE 12725,MIDCPNIFTY
36584,2,MIDCPNIFTY 27JAN2025 CE 12725,MIDCPNIFTY
37013,2,MIDCPNIFTY 30DEC2024 PE 12725,MIDCPNIFTY
36585,2,MIDCPNIFTY 27JAN2025 PE 12725,MIDCPNIFTY
36797,2,MIDCPNIFTY 30DEC2024 CE 12150,MIDCPNIFTY
36416,2,MIDCPNIFTY 27JAN2025 CE 12150,MIDCPNIFTY
36798,2,MIDCPNIFTY 30DEC2024 PE 12150,MIDCPNIFTY
36439,2,MIDCPNIFTY 27JAN2025 PE 12150,MIDCPNIFTY
37251,2,MIDCPNIFTY 30DEC2024 CE 13675,MIDCPNIFTY
36942,2,MIDCPNIFTY 27JAN2025 CE 13675,MIDCPNIFTY
37252,2,MIDCPNIFTY 30DEC2024 PE 13675,MIDCPNIFTY
36944,2,MIDCPNIFTY 27JAN2025 PE 13675,MIDCPNIFTY
37000,2,MIDCPNIFTY 30DEC2024 CE 12625,MIDCPNIFTY
36548,2,MIDCPNIFTY 27JAN2025 CE 12625,MIDCPNIFTY
37001,2,MIDCPNIFTY 30DEC2024 PE 12625,MIDCPNIFTY
36549,2,MIDCPNIFTY 27JAN2025 PE 12625,MIDCPNIFTY
36841,2,MIDCPNIFTY 30DEC2024 CE 12200,MIDCPNIFTY
36458,2,MIDCPNIFTY 27JAN2025 CE 12200,MIDCPNIFTY
36842,2,MIDCPNIFTY 30DEC2024 PE 12200,MIDCPNIFTY
36459,2,MIDCPNIFTY 27JAN2025 PE 12200,MIDCPNIFTY
36936,2,MIDCPNIFTY 30DEC2024 CE 12425,MIDCPNIFTY
36520,2,MIDCPNIFTY 27JAN2025 CE 12425,MIDCPNIFTY
36937,2,MIDCPNIFTY 30DEC2024 PE 12425,MIDCPNIFTY
36521,2,MIDCPNIFTY 27JAN2025 PE 12425,MIDCPNIFTY
37306,2,MIDCPNIFTY 30DEC2024 CE 13800,MIDCPNIFTY
36991,2,MIDCPNIFTY 27JAN2025 CE 13800,MIDCPNIFTY
37307,2,MIDCPNIFTY 30DEC2024 PE 13800,MIDCPNIFTY
36993,2,MIDCPNIFTY 27JAN2025 PE 13800,MIDCPNIFTY
36607,2,MIDCPNIFTY 30DEC2024 CE 11975,MIDCPNIFTY
36338,2,MIDCPNIFTY 27JAN2025 CE 11975,MIDCPNIFTY
36608,2,MIDCPNIFTY 30DEC2024 PE 11975,MIDCPNIFTY
36339,2,MIDCPNIFTY 27JAN2025 PE 11975,MIDCPNIFTY
37316,2,MIDCPNIFTY 30DEC2024 CE 13850,MIDCPNIFTY
37028,2,MIDCPNIFTY 27JAN2025 CE 13850,MIDCPNIFTY
37004,2,MIDCPNIFTY 30DEC2024 CE 12675,MIDCPNIFTY
36560,2,MIDCPNIFTY 27JAN2025 CE 12675,MIDCPNIFTY
37005,2,MIDCPNIFTY 30DEC2024 PE 12675,MIDCPNIFTY
36578,2,MIDCPNIFTY 27JAN2025 PE 12675,MIDCPNIFTY
36615,2,MIDCPNIFTY 30DEC2024 CE 12025,MIDCPNIFTY
36362,2,MIDCPNIFTY 27JAN2025 CE 12025,MIDCPNIFTY
36618,2,MIDCPNIFTY 30DEC2024 PE 12025,MIDCPNIFTY
36363,2,MIDCPNIFTY 27JAN2025 PE 12025,MIDCPNIFTY
37149,2,MIDCPNIFTY 30DEC2024 CE 13250,MIDCPNIFTY
36827,2,MIDCPNIFTY 27JAN2025 CE 13250,MIDCPNIFTY
37150,2,MIDCPNIFTY 30DEC2024 PE 13250,MIDCPNIFTY
36828,2,MIDCPNIFTY 27JAN2025 PE 13250,MIDCPNIFTY
37070,2,MIDCPNIFTY 30DEC2024 CE 12900,MIDCPNIFTY
36638,2,MIDCPNIFTY 27JAN2025 CE 12900,MIDCPNIFTY
37071,2,MIDCPNIFTY 30DEC2024 PE 12900,MIDCPNIFTY
36639,2,MIDCPNIFTY 27JAN2025 PE 12900,MIDCPNIFTY
36902,2,MIDCPNIFTY 30DEC2024 CE 12350,MIDCPNIFTY
36493,2,MIDCPNIFTY 27JAN2025 CE 12350,MIDCPNIFTY
36913,2,MIDCPNIFTY 30DEC2024 PE 12350,MIDCPNIFTY
36500,2,MIDCPNIFTY 27JAN2025 PE 12350,MIDCPNIFTY
37276,2,MIDCPNIFTY 30DEC2024 CE 13750,MIDCPNIFTY
36967,2,MIDCPNIFTY 27JAN2025 CE 13750,MIDCPNIFTY
37277,2,MIDCPNIFTY 30DEC2024 PE 13750,MIDCPNIFTY
36972,2,MIDCPNIFTY 27JAN2025 PE 13750,MIDCPNIFTY
37180,2,MIDCPNIFTY 30DEC2024 CE 13425,MIDCPNIFTY
36891,2,MIDCPNIFTY 27JAN2025 CE 13425,MIDCPNIFTY
37193,2,MIDCPNIFTY 30DEC2024 PE 13425,MIDCPNIFTY
36892,2,MIDCPNIFTY 27JAN2025 PE 13425,MIDCPNIFTY
37106,2,MIDCPNIFTY 30DEC2024 CE 13075,MIDCPNIFTY
36731,2,MIDCPNIFTY 27JAN2025 CE 13075,MIDCPNIFTY
37112,2,MIDCPNIFTY 30DEC2024 PE 13075,MIDCPNIFTY
36756,2,MIDCPNIFTY 27JAN2025 PE 13075,MIDCPNIFTY
37162,2,MIDCPNIFTY 30DEC2024 CE 13300,MIDCPNIFTY
36844,2,MIDCPNIFTY 27JAN2025 CE 13300,MIDCPNIFTY
37163,2,MIDCPNIFTY 30DEC2024 PE 13300,MIDCPNIFTY
36861,2,MIDCPNIFTY 27JAN2025 PE 13300,MIDCPNIFTY
37122,2,MIDCPNIFTY 30DEC2024 CE 13150,MIDCPNIFTY
36811,2,MIDCPNIFTY 27JAN2025 CE 13150,MIDCPNIFTY
37123,2,MIDCPNIFTY 30DEC2024 PE 13150,MIDCPNIFTY
36812,2,MIDCPNIFTY 27JAN2025 PE 13150,MIDCPNIFTY
36955,2,MIDCPNIFTY 30DEC2024 CE 12550,MIDCPNIFTY
36537,2,MIDCPNIFTY 27JAN2025 CE 12550,MIDCPNIFTY
36956,2,MIDCPNIFTY 30DEC2024 PE 12550,MIDCPNIFTY
36538,2,MIDCPNIFTY 27JAN2025 PE 12550,MIDCPNIFTY
37171,2,MIDCPNIFTY 30DEC2024 CE 13375,MIDCPNIFTY
36874,2,MIDCPNIFTY 27JAN2025 CE 13375,MIDCPNIFTY
37172,2,MIDCPNIFTY 30DEC2024 PE 13375,MIDCPNIFTY
36881,2,MIDCPNIFTY 27JAN2025 PE 13375,MIDCPNIFTY
37204,2,MIDCPNIFTY 30DEC2024 CE 13525,MIDCPNIFTY
36908,2,MIDCPNIFTY 27JAN2025 CE 13525,MIDCPNIFTY
37207,2,MIDCPNIFTY 30DEC2024 PE 13525,MIDCPNIFTY
36917,2,MIDCPNIFTY 27JAN2025 PE 13525,MIDCPNIFTY
36611,2,MIDCPNIFTY 30DEC2024 CE 12000,MIDCPNIFTY
36343,2,MIDCPNIFTY 27JAN2025 CE 12000,MIDCPNIFTY
36614,2,MIDCPNIFTY 30DEC2024 PE 12000,MIDCPNIFTY
36356,2,MIDCPNIFTY 27JAN2025 PE 12000,MIDCPNIFTY
37054,2,MIDCPNIFTY 30DEC2024 CE 12875,MIDCPNIFTY
36628,2,MIDCPNIFTY 27JAN2025 CE 12875,MIDCPNIFTY
37055,2,MIDCPNIFTY 30DEC2024 PE 12875,MIDCPNIFTY
36633,2,MIDCPNIFTY 27JAN2025 PE 12875,MIDCPNIFTY
37200,2,MIDCPNIFTY 30DEC2024 CE 13500,MIDCPNIFTY
36904,2,MIDCPNIFTY 27JAN2025 CE 13500,MIDCPNIFTY
37203,2,MIDCPNIFTY 30DEC2024 PE 13500,MIDCPNIFTY
36907,2,MIDCPNIFTY 27JAN2025 PE 13500,MIDCPNIFTY
37326,2,MIDCPNIFTY 30DEC2024 CE 13875,MIDCPNIFTY
37037,2,MIDCPNIFTY 27JAN2025 CE 13875,MIDCPNIFTY
37327,2,MIDCPNIFTY 30DEC2024 PE 13875,MIDCPNIFTY
37056,2,MIDCPNIFTY 27JAN2025 PE 13875,MIDCPNIFTY
37033,2,MIDCPNIFTY 30DEC2024 CE 12800,MIDCPNIFTY
36595,2,MIDCPNIFTY 27JAN2025 CE 12800,MIDCPNIFTY
37034,2,MIDCPNIFTY 30DEC2024 PE 12800,MIDCPNIFTY
36600,2,MIDCPNIFTY 27JAN2025 PE 12800,MIDCPNIFTY
36953,2,MIDCPNIFTY 30DEC2024 CE 12525,MIDCPNIFTY
36528,2,MIDCPNIFTY 27JAN2025 CE 12525,MIDCPNIFTY
36954,2,MIDCPNIFTY 30DEC2024 PE 12525,MIDCPNIFTY
36530,2,MIDCPNIFTY 27JAN2025 PE 12525,MIDCPNIFTY
37257,2,MIDCPNIFTY 30DEC2024 CE 13725,MIDCPNIFTY
36949,2,MIDCPNIFTY 27JAN2025 CE 13725,MIDCPNIFTY
37258,2,MIDCPNIFTY 30DEC2024 PE 13725,MIDCPNIFTY
36966,2,MIDCPNIFTY 27JAN2025 PE 13725,MIDCPNIFTY
37048,2,MIDCPNIFTY 30DEC2024 CE 12825,MIDCPNIFTY
36601,2,MIDCPNIFTY 27JAN2025 CE 12825,MIDCPNIFTY
37049,2,MIDCPNIFTY 30DEC2024 PE 12825,MIDCPNIFTY
36619,2,MIDCPNIFTY 27JAN2025 PE 12825,MIDCPNIFTY
37019,2,MIDCPNIFTY 30DEC2024 CE 12750,MIDCPNIFTY
36588,2,MIDCPNIFTY 27JAN2025 CE 12750,MIDCPNIFTY
37020,2,MIDCPNIFTY 30DEC2024 PE 12750,MIDCPNIFTY
36592,2,MIDCPNIFTY 27JAN2025 PE 12750,MIDCPNIFTY
37242,2,MIDCPNIFTY 30DEC2024 CE 13625,MIDCPNIFTY
36934,2,MIDCPNIFTY 27JAN2025 CE 13625,MIDCPNIFTY
37243,2,MIDCPNIFTY 30DEC2024 PE 13625,MIDCPNIFTY
36935,2,MIDCPNIFTY 27JAN2025 PE 13625,MIDCPNIFTY
36886,2,MIDCPNIFTY 30DEC2024 CE 12325,MIDCPNIFTY
36480,2,MIDCPNIFTY 27JAN2025 CE 12325,MIDCPNIFTY
37245,2,MIDCPNIFTY 30DEC2024 CE 13650,MIDCPNIFTY
36940,2,MIDCPNIFTY 27JAN2025 CE 13650,MIDCPNIFTY
37246,2,MIDCPNIFTY 30DEC2024 PE 13650,MIDCPNIFTY
36941,2,MIDCPNIFTY 27JAN2025 PE 13650,MIDCPNIFTY
36938,2,MIDCPNIFTY 30DEC2024 CE 12450,MIDCPNIFTY
36522,2,MIDCPNIFTY 27JAN2025 CE 12450,MIDCPNIFTY
36939,2,MIDCPNIFTY 30DEC2024 PE 12450,MIDCPNIFTY
36523,2,MIDCPNIFTY 27JAN2025 PE 12450,MIDCPNIFTY
36947,2,MIDCPNIFTY 30DEC2024 CE 12475,MIDCPNIFTY
36524,2,MIDCPNIFTY 27JAN2025 CE 12475,MIDCPNIFTY
36948,2,MIDCPNIFTY 30DEC2024 PE 12475,MIDCPNIFTY
36525,2,MIDCPNIFTY 27JAN2025 PE 12475,MIDCPNIFTY
37023,2,MIDCPNIFTY 30DEC2024 CE 12775,MIDCPNIFTY
36593,2,MIDCPNIFTY 27JAN2025 CE 12775,MIDCPNIFTY
37024,2,MIDCPNIFTY 30DEC2024 PE 12775,MIDCPNIFTY
36594,2,MIDCPNIFTY 27JAN2025 PE 12775,MIDCPNIFTY
36986,2,MIDCPNIFTY 30DEC2024 CE 12600,MIDCPNIFTY
36545,2,MIDCPNIFTY 27JAN2025 CE 12600,MIDCPNIFTY
36992,2,MIDCPNIFTY 30DEC2024 PE 12600,MIDCPNIFTY
36546,2,MIDCPNIFTY 27JAN2025 PE 12600,MIDCPNIFTY
36929,2,MIDCPNIFTY 30DEC2024 CE 12400,MIDCPNIFTY
36516,2,MIDCPNIFTY 27JAN2025 CE 12400,MIDCPNIFTY
36931,2,MIDCPNIFTY 30DEC2024 PE 12400,MIDCPNIFTY
36517,2,MIDCPNIFTY 27JAN2025 PE 12400,MIDCPNIFTY
37089,2,MIDCPNIFTY 30DEC2024 CE 13000,MIDCPNIFTY
36680,2,MIDCPNIFTY 27JAN2025 CE 13000,MIDCPNIFTY
37101,2,MIDCPNIFTY 30DEC2024 PE 13000,MIDCPNIFTY
36683,2,MIDCPNIFTY 27JAN2025 PE 13000,MIDCPNIFTY
36889,2,MIDCPNIFTY 30DEC2024 PE 12325,MIDCPNIFTY
36489,2,MIDCPNIFTY 27JAN2025 PE 12325,MIDCPNIFTY
36761,2,MIDCPNIFTY 30DEC2024 CE 12050,MIDCPNIFTY
36371,2,MIDCPNIFTY 27JAN2025 CE 12050,MIDCPNIFTY
37120,2,MIDCPNIFTY 30DEC2024 CE 13125,MIDCPNIFTY
36773,2,MIDCPNIFTY 27JAN2025 CE 13125,MIDCPNIFTY
37121,2,MIDCPNIFTY 30DEC2024 PE 13125,MIDCPNIFTY
36810,2,MIDCPNIFTY 27JAN2025 PE 13125,MIDCPNIFTY
37328,2,MIDCPNIFTY 30DEC2024 CE 13900,MIDCPNIFTY
37057,2,MIDCPNIFTY 27JAN2025 CE 13900,MIDCPNIFTY
37331,2,MIDCPNIFTY 30DEC2024 PE 13900,MIDCPNIFTY
37060,2,MIDCPNIFTY 27JAN2025 PE 13900,MIDCPNIFTY
37102,2,MIDCPNIFTY 30DEC2024 CE 13025,MIDCPNIFTY
36684,2,MIDCPNIFTY 27JAN2025 CE 13025,MIDCPNIFTY
37103,2,MIDCPNIFTY 30DEC2024 PE 13025,MIDCPNIFTY
36699,2,MIDCPNIFTY 27JAN2025 PE 13025,MIDCPNIFTY
37388,2,MIDCPNIFTY 30DEC2024 CE 14025,MIDCPNIFTY
37100,2,MIDCPNIFTY 27JAN2025 CE 14025,MIDCPNIFTY
37390,2,MIDCPNIFTY 30DEC2024 PE 14025,MIDCPNIFTY
37127,2,MIDCPNIFTY 27JAN2025 PE 14025,MIDCPNIFTY
36762,2,MIDCPNIFTY 30DEC2024 PE 12050,MIDCPNIFTY
36372,2,MIDCPNIFTY 27JAN2025 PE 12050,MIDCPNIFTY
37194,2,MIDCPNIFTY 30DEC2024 CE 13450,MIDCPNIFTY
36895,2,MIDCPNIFTY 27JAN2025 CE 13450,MIDCPNIFTY
37197,2,MIDCPNIFTY 30DEC2024 PE 13450,MIDCPNIFTY
36896,2,MIDCPNIFTY 27JAN2025 PE 13450,MIDCPNIFTY
37354,2,MIDCPNIFTY 30DEC2024 CE 13925,MIDCPNIFTY
37061,2,MIDCPNIFTY 27JAN2025 CE 13925,MIDCPNIFTY
37357,2,MIDCPNIFTY 30DEC2024 PE 13925,MIDCPNIFTY
37069,2,MIDCPNIFTY 27JAN2025 PE 13925,MIDCPNIFTY
37126,2,MIDCPNIFTY 30DEC2024 CE 13175,MIDCPNIFTY
36813,2,MIDCPNIFTY 27JAN2025 CE 13175,MIDCPNIFTY
37129,2,MIDCPNIFTY 30DEC2024 PE 13175,MIDCPNIFTY
36814,2,MIDCPNIFTY 27JAN2025 PE 13175,MIDCPNIFTY
37155,2,MIDCPNIFTY 30DEC2024 CE 13275,MIDCPNIFTY
36834,2,MIDCPNIFTY 27JAN2025 CE 13275,MIDCPNIFTY
37161,2,MIDCPNIFTY 30DEC2024 PE 13275,MIDCPNIFTY
36843,2,MIDCPNIFTY 27JAN2025 PE 13275,MIDCPNIFTY
37078,2,MIDCPNIFTY 30DEC2024 CE 12950,MIDCPNIFTY
36666,2,MIDCPNIFTY 27JAN2025 CE 12950,MIDCPNIFTY
37083,2,MIDCPNIFTY 30DEC2024 PE 12950,MIDCPNIFTY
36669,2,MIDCPNIFTY 27JAN2025 PE 12950,MIDCPNIFTY
37325,2,MIDCPNIFTY 30DEC2024 PE 13850,MIDCPNIFTY
37036,2,MIDCPNIFTY 27JAN2025 PE 13850,MIDCPNIFTY
